<?xml version="1.0"?>
<information>
	<title>BonzaiGotchi English</title> 
  	<description>BonzaiGotchi Language English</description>   
	<language>GBR</language> 
	<version>1.0</version>
	<content>how are we today?</content>
</information>
<data>
	<varName="CMD_ALL_BACK">
		<varValue>Back</varValue>
	</varName>
	<varName="CMD_ALL_EXIT">
		<varValue>Exit BonzaiGotchi</varValue>
	</varName>
	<varName="CMD_ALL_SELECT">
		<varValue>Select Branch</varValue>
	</varName>
	<varName="CMD_STARTM_RESUME_TREE">
		<varValue>Resume Tree</varValue>
	</varName>
	<varName="CMD_STARTM_NEW_TREE">
		<varValue>New Tree</varValue>
	</varName>
	<varName="CMD_STARTM_TUTORIAL">
		<varValue>Help / Tutorial</varValue>
	</varName>
	<varName="CMD_STARTM_CREDITS">
		<varValue>Show Credits</varValue>
	</varName>
	<varName="CMD_TREEMENU_RETURN">
		<varValue>Return</varValue>
	</varName>
	<varName="CMD_TREEMENU_WATER">
		<varValue>Water</varValue>
	</varName>
	<varName="CMD_TREEMENU_EDIT">
		<varValue>Edit</varValue>
	</varName>
	<varName="CMD_SELBRANCH_CUT">
		<varValue>Cut Branch</varValue>
	</varName>
	<varName="CMD_SELBRANCH_EXACTCUT">
		<varValue>Exact Cut</varValue>
	</varName>
	<varName="CMD_SELBRANCH_COLOR">
		<varValue>Color Branch</varValue>
	</varName>
	<varName="CMD_SELBRANCH_DUNG">
		<varValue>Dung Branch</varValue>
	</varName>
	<varName="CMD_SELECTED_SEAL">
		<varValue>Seal</varValue>
	</varName>
	<varName="CMD_SELECTED_DONTSEAL">
		<varValue>Dont Seal</varValue>
	</varName>
</data>

