<?xml version="1.0"?>
<information>
	<title>BonzaiGotchi Italiano</title> 
  	<description>BonzaiGotchi Lingua l'Italinao</description>   
	<language>ITA</language> 
	<version>1.0</version>
	<content>come siete?</content>
</information>
<data>
	<varName="CMD_ALL_BACK">
		<varValue>Zurueck</varValue>
	</varName>
	<varName="CMD_ALL_EXIT">
		<varValue>BonzaiGotchi verlassen</varValue>
	</varName>
	<varName="CMD_ALL_SELECT">
		<varValue>Zweig auswaehlen</varValue>
	</varName>
	<varName="CMD_STARTM_RESUME_TREE">
		<varValue>Resume Tree</varValue>
	</varName>
	<varName="CMD_STARTM_NEW_TREE">
		<varValue>Neuer Baum</varValue>
	</varName>
	<varName="CMD_STARTM_TUTORIAL">
		<varValue>Hilfe / Anleitung</varValue>
	</varName>
	<varName="CMD_STARTM_CREDITS">
		<varValue>Credits anzeigen</varValue>
	</varName>
	<varName="CMD_TREEMENU_RETURN">
		<varValue>Zurueck</varValue>
	</varName>
	<varName="CMD_TREEMENU_WATER">
		<varValue>Wasser</varValue>
	</varName>
	<varName="CMD_TREEMENU_EDIT">
		<varValue>Bearbeiten</varValue>
	</varName>
	<varName="CMD_SELBRANCH_CUT">
		<varValue>Zweig beschneiden</varValue>
	</varName>
	<varName="CMD_SELBRANCH_EXACTCUT">
		<varValue>Zweig exakt beschneiden</varValue>
	</varName>
	<varName="CMD_SELBRANCH_COLOR">
		<varValue>Zweig einfaerben</varValue>
	</varName>
	<varName="CMD_SELBRANCH_DUNG">
		<varValue>Zweig duengen</varValue>
	</varName>
	<varName="CMD_SELECTED_SEAL">
		<varValue>Zweig versiegeln</varValue>
	</varName>
	<varName="CMD_SELECTED_DONTSEAL">
		<varValue>Zweig nicht versiegeln</varValue>
	</varName>
</data>
